{
  "matrix": [
    [
      0,
      12,
      3,
      11,
      -7
    ],
    [
      7,
      10,
      -2,
      -7,
      -3
    ],
    [
      15,
      18,
      5,
      14,
      20
    ],
    [
      -1,
      6,
      4,
      16,
      8
    ],
    [
      -8,
      14,
      -5,
      10,
      3
    ]
  ],
  "window_size": 3,
  "pooling_type": "average",
  "solution": [
    [
      7.555555555555555,
      7.111111111111111,
      3.7777777777777777
    ],
    [
      6.888888888888889,
      7.111111111111111,
      6.111111111111111
    ],
    [
      5.333333333333333,
      9.11111111111111,
      8.333333333333334
    ]
  ],
  "complexity": 3
}