{
  "matrix": [
    [
      18,
      -2,
      4,
      -1,
      19
    ],
    [
      20,
      18,
      -2,
      -10,
      6
    ],
    [
      -7,
      -2,
      13,
      1,
      -4
    ],
    [
      5,
      4,
      7,
      -5,
      -6
    ],
    [
      4,
      20,
      15,
      -1,
      -4
    ]
  ],
  "window_size": 3,
  "pooling_type": "average",
  "solution": [
    [
      6.666666666666667,
      2.111111111111111,
      2.888888888888889
    ],
    [
      6.222222222222222,
      2.6666666666666665,
      0.0
    ],
    [
      6.555555555555555,
      5.777777777777778,
      1.7777777777777777
    ]
  ],
  "complexity": 3
}