{
  "matrix": [
    [
      11,
      -5,
      6,
      2,
      7
    ],
    [
      -1,
      5,
      -6,
      12,
      -7
    ],
    [
      -8,
      -4,
      12,
      14,
      7
    ],
    [
      -3,
      19,
      -4,
      2,
      8
    ],
    [
      4,
      10,
      5,
      10,
      5
    ]
  ],
  "window_size": 3,
  "pooling_type": "average",
  "solution": [
    [
      1.1111111111111112,
      4.0,
      5.222222222222222
    ],
    [
      1.1111111111111112,
      5.555555555555555,
      4.222222222222222
    ],
    [
      3.4444444444444446,
      7.111111111111111,
      6.555555555555555
    ]
  ],
  "complexity": 3
}