{
  "matrix": [
    [
      17,
      14,
      -10,
      17,
      5
    ],
    [
      0,
      -10,
      15,
      12,
      -7
    ],
    [
      -5,
      -6,
      3,
      1,
      -9
    ],
    [
      -1,
      -3,
      20,
      -10,
      7
    ],
    [
      0,
      9,
      -6,
      12,
      13
    ]
  ],
  "window_size": 3,
  "pooling_type": "average",
  "solution": [
    [
      2.0,
      4.0,
      3.0
    ],
    [
      1.4444444444444444,
      2.4444444444444446,
      3.5555555555555554
    ],
    [
      1.2222222222222223,
      2.2222222222222223,
      3.4444444444444446
    ]
  ],
  "complexity": 3
}