{
  "matrix": [
    [
      5,
      8,
      3,
      6,
      3,
      16
    ],
    [
      2,
      8,
      7,
      -2,
      10,
      19
    ],
    [
      -1,
      8,
      -6,
      8,
      15,
      -3
    ],
    [
      0,
      -3,
      18,
      2,
      12,
      -4
    ],
    [
      19,
      10,
      -6,
      -10,
      1,
      -5
    ],
    [
      16,
      8,
      20,
      1,
      -10,
      17
    ]
  ],
  "window_size": 3,
  "pooling_type": "average",
  "solution": [
    [
      3.7777777777777777,
      4.444444444444445,
      4.888888888888889,
      8.0
    ],
    [
      3.6666666666666665,
      4.444444444444445,
      7.111111111111111,
      6.333333333333333
    ],
    [
      4.333333333333333,
      2.3333333333333335,
      3.7777777777777777,
      1.7777777777777777
    ],
    [
      9.11111111111111,
      4.444444444444445,
      3.111111111111111,
      0.4444444444444444
    ]
  ],
  "complexity": 4
}