{
  "matrix": [
    [
      -5,
      4,
      -2,
      -6,
      -8
    ],
    [
      19,
      -8,
      -6,
      8,
      -4
    ],
    [
      -6,
      -6,
      11,
      15,
      5
    ],
    [
      -2,
      19,
      1,
      17,
      11
    ],
    [
      1,
      3,
      -2,
      -3,
      -7
    ]
  ],
  "window_size": 3,
  "pooling_type": "average",
  "solution": [
    [
      0.1111111111111111,
      1.1111111111111112,
      1.4444444444444444
    ],
    [
      2.4444444444444446,
      5.666666666666667,
      6.444444444444445
    ],
    [
      2.111111111111111,
      6.111111111111111,
      5.333333333333333
    ]
  ],
  "complexity": 3
}