{
  "matrix": [
    [
      -2,
      2,
      9,
      -1,
      15
    ],
    [
      17,
      4,
      7,
      -1,
      2
    ],
    [
      13,
      -4,
      -2,
      -5,
      2
    ],
    [
      8,
      3,
      16,
      5,
      10
    ],
    [
      8,
      5,
      19,
      -6,
      8
    ]
  ],
  "window_size": 3,
  "pooling_type": "average",
  "solution": [
    [
      4.888888888888889,
      1.0,
      2.888888888888889
    ],
    [
      6.888888888888889,
      2.5555555555555554,
      3.7777777777777777
    ],
    [
      7.333333333333333,
      3.4444444444444446,
      5.222222222222222
    ]
  ],
  "complexity": 3
}