{
  "matrix": [
    [
      -2,
      16,
      3,
      -4,
      13
    ],
    [
      14,
      -9,
      -6,
      -5,
      1
    ],
    [
      18,
      -10,
      -4,
      15,
      20
    ],
    [
      7,
      4,
      18,
      20,
      14
    ],
    [
      19,
      14,
      -5,
      -1,
      16
    ]
  ],
  "window_size": 3,
  "pooling_type": "average",
  "solution": [
    [
      2.2222222222222223,
      -0.4444444444444444,
      3.6666666666666665
    ],
    [
      3.5555555555555554,
      2.5555555555555554,
      8.11111111111111
    ],
    [
      6.777777777777778,
      5.666666666666667,
      10.333333333333334
    ]
  ],
  "complexity": 3
}