{
  "matrix": [
    [
      3,
      14,
      5,
      19,
      11,
      6
    ],
    [
      -2,
      -10,
      8,
      5,
      16,
      -8
    ],
    [
      16,
      -4,
      9,
      -2,
      -9,
      14
    ],
    [
      3,
      6,
      2,
      20,
      -1,
      -2
    ],
    [
      17,
      -8,
      -2,
      11,
      -8,
      14
    ],
    [
      18,
      7,
      -3,
      5,
      -4,
      7
    ]
  ],
  "window_size": 3,
  "pooling_type": "average",
  "solution": [
    [
      4.333333333333333,
      4.888888888888889,
      6.888888888888889,
      5.777777777777778
    ],
    [
      3.111111111111111,
      3.7777777777777777,
      5.333333333333333,
      3.6666666666666665
    ],
    [
      4.333333333333333,
      3.5555555555555554,
      2.2222222222222223,
      4.111111111111111
    ],
    [
      4.444444444444445,
      4.222222222222222,
      2.2222222222222223,
      4.666666666666667
    ]
  ],
  "complexity": 4
}