{
  "matrix": [
    [
      -8,
      -3,
      6,
      -2,
      17
    ],
    [
      18,
      -8,
      10,
      8,
      -5
    ],
    [
      10,
      11,
      19,
      16,
      3
    ],
    [
      2,
      -9,
      20,
      5,
      16
    ],
    [
      14,
      -7,
      13,
      7,
      15
    ]
  ],
  "window_size": 3,
  "pooling_type": "average",
  "solution": [
    [
      6.111111111111111,
      6.333333333333333,
      8.0
    ],
    [
      8.11111111111111,
      8.0,
      10.222222222222221
    ],
    [
      8.11111111111111,
      8.333333333333334,
      12.666666666666666
    ]
  ],
  "complexity": 3
}