{
  "matrix": [
    [
      -7,
      1,
      0,
      -6,
      -9,
      -5
    ],
    [
      8,
      10,
      8,
      8,
      -4,
      -9
    ],
    [
      8,
      4,
      8,
      9,
      -1,
      -3
    ],
    [
      2,
      16,
      5,
      -4,
      8,
      -9
    ],
    [
      -1,
      17,
      1,
      -4,
      -7,
      -2
    ],
    [
      19,
      18,
      7,
      -9,
      13,
      10
    ]
  ],
  "window_size": 3,
  "pooling_type": "average",
  "solution": [
    [
      4.444444444444445,
      4.666666666666667,
      1.4444444444444444,
      -2.2222222222222223
    ],
    [
      7.666666666666667,
      7.111111111111111,
      4.111111111111111,
      -0.5555555555555556
    ],
    [
      6.666666666666667,
      5.777777777777778,
      1.6666666666666667,
      -1.4444444444444444
    ],
    [
      9.333333333333334,
      5.222222222222222,
      1.1111111111111112,
      -0.4444444444444444
    ]
  ],
  "complexity": 4
}