{
  "matrix": [
    [
      -8,
      -1,
      4,
      19,
      -7,
      -10
    ],
    [
      7,
      9,
      16,
      18,
      -9,
      3
    ],
    [
      14,
      8,
      18,
      6,
      -1,
      6
    ],
    [
      17,
      11,
      17,
      -9,
      8,
      5
    ],
    [
      4,
      5,
      4,
      12,
      8,
      2
    ],
    [
      -3,
      -5,
      19,
      5,
      11,
      1
    ]
  ],
  "window_size": 3,
  "pooling_type": "average",
  "solution": [
    [
      7.444444444444445,
      10.777777777777779,
      7.111111111111111,
      2.7777777777777777
    ],
    [
      13.0,
      10.444444444444445,
      7.111111111111111,
      3.0
    ],
    [
      10.88888888888889,
      8.0,
      7.0,
      4.111111111111111
    ],
    [
      7.666666666666667,
      6.555555555555555,
      8.333333333333334,
      4.777777777777778
    ]
  ],
  "complexity": 4
}