{
  "matrix": [
    [
      7,
      5,
      11,
      8,
      7
    ],
    [
      5,
      0,
      15,
      5,
      18
    ],
    [
      2,
      3,
      18,
      6,
      15
    ],
    [
      20,
      7,
      15,
      10,
      1
    ],
    [
      7,
      -7,
      16,
      20,
      -5
    ]
  ],
  "window_size": 3,
  "pooling_type": "average",
  "solution": [
    [
      7.333333333333333,
      7.888888888888889,
      11.444444444444445
    ],
    [
      9.444444444444445,
      8.777777777777779,
      11.444444444444445
    ],
    [
      9.0,
      9.777777777777779,
      10.666666666666666
    ]
  ],
  "complexity": 3
}