{
  "matrix": [
    [
      -5,
      -2,
      -1,
      9,
      11
    ],
    [
      9,
      6,
      12,
      16,
      16
    ],
    [
      11,
      14,
      18,
      0,
      16
    ],
    [
      20,
      14,
      15,
      -7,
      3
    ],
    [
      5,
      6,
      -1,
      1,
      7
    ]
  ],
  "window_size": 3,
  "pooling_type": "average",
  "solution": [
    [
      6.888888888888889,
      8.0,
      10.777777777777779
    ],
    [
      13.222222222222221,
      9.777777777777779,
      9.88888888888889
    ],
    [
      11.333333333333334,
      6.666666666666667,
      5.777777777777778
    ]
  ],
  "complexity": 3
}