{
  "matrix": [
    [
      -8,
      1,
      1,
      -8,
      5,
      -7
    ],
    [
      4,
      10,
      19,
      11,
      17,
      15
    ],
    [
      5,
      10,
      5,
      -10,
      13,
      -2
    ],
    [
      -4,
      -10,
      2,
      -9,
      15,
      -8
    ],
    [
      12,
      11,
      11,
      -7,
      11,
      14
    ],
    [
      13,
      -9,
      10,
      5,
      -6,
      10
    ]
  ],
  "window_size": 3,
  "pooling_type": "average",
  "solution": [
    [
      5.222222222222222,
      4.333333333333333,
      5.888888888888889,
      3.7777777777777777
    ],
    [
      4.555555555555555,
      3.111111111111111,
      7.0,
      4.666666666666667
    ],
    [
      4.666666666666667,
      0.3333333333333333,
      3.4444444444444446,
      1.8888888888888888
    ],
    [
      4.0,
      0.4444444444444444,
      3.5555555555555554,
      2.7777777777777777
    ]
  ],
  "complexity": 4
}