{
  "matrix": [
    [
      14,
      -5,
      -4,
      8,
      -8
    ],
    [
      13,
      -3,
      -1,
      -5,
      3
    ],
    [
      15,
      5,
      -2,
      0,
      -3
    ],
    [
      10,
      2,
      13,
      4,
      11
    ],
    [
      -6,
      11,
      -4,
      10,
      8
    ]
  ],
  "window_size": 3,
  "pooling_type": "average",
  "solution": [
    [
      3.5555555555555554,
      -0.7777777777777778,
      -1.3333333333333333
    ],
    [
      5.777777777777778,
      1.4444444444444444,
      2.2222222222222223
    ],
    [
      4.888888888888889,
      4.333333333333333,
      4.111111111111111
    ]
  ],
  "complexity": 3
}