{
  "matrix": [
    [
      4,
      -10,
      5,
      -8,
      5,
      4
    ],
    [
      -10,
      10,
      -1,
      -10,
      -10,
      18
    ],
    [
      -2,
      19,
      18,
      0,
      -2,
      15
    ],
    [
      -7,
      10,
      -7,
      15,
      2,
      16
    ],
    [
      8,
      10,
      20,
      -1,
      15,
      19
    ],
    [
      7,
      16,
      -2,
      17,
      3,
      19
    ]
  ],
  "window_size": 3,
  "pooling_type": "average",
  "solution": [
    [
      3.6666666666666665,
      2.5555555555555554,
      -0.3333333333333333,
      1.3333333333333333
    ],
    [
      3.3333333333333335,
      6.0,
      0.5555555555555556,
      4.888888888888889
    ],
    [
      7.666666666666667,
      9.333333333333334,
      6.666666666666667,
      8.777777777777779
    ],
    [
      6.111111111111111,
      8.666666666666666,
      6.888888888888889,
      11.666666666666666
    ]
  ],
  "complexity": 4
}