{
  "matrix": [
    [
      4,
      11,
      7,
      6,
      19,
      -9
    ],
    [
      14,
      -2,
      17,
      -5,
      11,
      -7
    ],
    [
      20,
      14,
      4,
      8,
      -3,
      13
    ],
    [
      -6,
      9,
      -2,
      -8,
      8,
      20
    ],
    [
      1,
      4,
      -10,
      -9,
      2,
      -3
    ],
    [
      20,
      0,
      -1,
      7,
      19,
      -7
    ]
  ],
  "window_size": 3,
  "pooling_type": "average",
  "solution": [
    [
      9.88888888888889,
      6.666666666666667,
      7.111111111111111,
      3.6666666666666665
    ],
    [
      7.555555555555555,
      3.888888888888889,
      3.3333333333333335,
      4.111111111111111
    ],
    [
      3.7777777777777777,
      1.1111111111111112,
      -1.1111111111111112,
      3.111111111111111
    ],
    [
      1.6666666666666667,
      -1.1111111111111112,
      0.6666666666666666,
      3.2222222222222223
    ]
  ],
  "complexity": 4
}