{
  "matrix": [
    [
      -10,
      -7,
      -7,
      4,
      12
    ],
    [
      -4,
      14,
      20,
      -5,
      20
    ],
    [
      3,
      -9,
      3,
      -9,
      5
    ],
    [
      12,
      -1,
      -4,
      -2,
      5
    ],
    [
      6,
      -7,
      -6,
      9,
      10
    ]
  ],
  "window_size": 3,
  "pooling_type": "average",
  "solution": [
    [
      0.3333333333333333,
      0.4444444444444444,
      4.777777777777778
    ],
    [
      3.7777777777777777,
      0.7777777777777778,
      3.6666666666666665
    ],
    [
      -0.3333333333333333,
      -2.888888888888889,
      1.2222222222222223
    ]
  ],
  "complexity": 3
}