{
  "matrix": [
    [
      17,
      -10,
      19,
      2,
      -8,
      11
    ],
    [
      12,
      1,
      9,
      19,
      2,
      11
    ],
    [
      6,
      3,
      3,
      12,
      15,
      15
    ],
    [
      -9,
      2,
      14,
      19,
      6,
      -7
    ],
    [
      14,
      7,
      2,
      14,
      5,
      4
    ],
    [
      19,
      -9,
      13,
      14,
      14,
      17
    ]
  ],
  "window_size": 3,
  "pooling_type": "average",
  "solution": [
    [
      6.666666666666667,
      6.444444444444445,
      8.11111111111111,
      8.777777777777779
    ],
    [
      4.555555555555555,
      9.11111111111111,
      11.0,
      10.222222222222221
    ],
    [
      4.666666666666667,
      8.444444444444445,
      10.0,
      9.222222222222221
    ],
    [
      5.888888888888889,
      8.444444444444445,
      11.222222222222221,
      9.555555555555555
    ]
  ],
  "complexity": 4
}