{
  "matrix": [
    [
      2,
      4,
      11,
      -2,
      -10,
      8
    ],
    [
      0,
      5,
      3,
      15,
      -7,
      10
    ],
    [
      20,
      2,
      0,
      4,
      0,
      6
    ],
    [
      14,
      9,
      -5,
      10,
      6,
      17
    ],
    [
      -7,
      17,
      4,
      -3,
      20,
      0
    ],
    [
      8,
      9,
      13,
      -10,
      -2,
      11
    ]
  ],
  "window_size": 3,
  "pooling_type": "average",
  "solution": [
    [
      5.222222222222222,
      4.666666666666667,
      1.5555555555555556,
      2.6666666666666665
    ],
    [
      5.333333333333333,
      4.777777777777778,
      2.888888888888889,
      6.777777777777778
    ],
    [
      6.0,
      4.222222222222222,
      4.0,
      6.666666666666667
    ],
    [
      6.888888888888889,
      4.888888888888889,
      3.6666666666666665,
      5.444444444444445
    ]
  ],
  "complexity": 4
}