{
  "matrix": [
    [
      -4,
      18,
      9,
      9,
      -6
    ],
    [
      5,
      -6,
      12,
      4,
      20
    ],
    [
      11,
      6,
      -9,
      -1,
      13
    ],
    [
      13,
      13,
      7,
      9,
      18
    ],
    [
      -3,
      6,
      10,
      15,
      13
    ]
  ],
  "window_size": 3,
  "pooling_type": "average",
  "solution": [
    [
      4.666666666666667,
      4.666666666666667,
      5.666666666666667
    ],
    [
      5.777777777777778,
      3.888888888888889,
      8.11111111111111
    ],
    [
      6.0,
      6.222222222222222,
      8.333333333333334
    ]
  ],
  "complexity": 3
}