{
  "matrix": [
    [
      2,
      -2,
      10,
      3,
      3
    ],
    [
      1,
      3,
      9,
      15,
      16
    ],
    [
      20,
      20,
      6,
      13,
      15
    ],
    [
      5,
      -3,
      19,
      -1,
      14
    ],
    [
      7,
      19,
      4,
      1,
      16
    ]
  ],
  "window_size": 3,
  "pooling_type": "average",
  "solution": [
    [
      7.666666666666667,
      8.555555555555555,
      10.0
    ],
    [
      8.88888888888889,
      9.0,
      11.777777777777779
    ],
    [
      10.777777777777779,
      8.666666666666666,
      9.666666666666666
    ]
  ],
  "complexity": 3
}