{
  "matrix": [
    [
      5,
      10,
      -1,
      11,
      2
    ],
    [
      8,
      -5,
      -6,
      1,
      -8
    ],
    [
      19,
      -8,
      -5,
      -4,
      -5
    ],
    [
      11,
      4,
      7,
      5,
      11
    ],
    [
      15,
      10,
      10,
      4,
      -6
    ]
  ],
  "window_size": 3,
  "pooling_type": "average",
  "solution": [
    [
      1.8888888888888888,
      -0.7777777777777778,
      -1.6666666666666667
    ],
    [
      2.7777777777777777,
      -1.2222222222222223,
      -0.4444444444444444
    ],
    [
      7.0,
      2.5555555555555554,
      1.8888888888888888
    ]
  ],
  "complexity": 3
}