{
  "matrix": [
    [
      -10,
      14,
      0,
      -8,
      13
    ],
    [
      5,
      8,
      6,
      -3,
      17
    ],
    [
      -2,
      -8,
      16,
      7,
      20
    ],
    [
      10,
      16,
      0,
      3,
      4
    ],
    [
      -6,
      2,
      1,
      -9,
      -7
    ]
  ],
  "window_size": 3,
  "pooling_type": "average",
  "solution": [
    [
      3.2222222222222223,
      3.5555555555555554,
      7.555555555555555
    ],
    [
      5.666666666666667,
      5.0,
      7.777777777777778
    ],
    [
      3.2222222222222223,
      3.111111111111111,
      3.888888888888889
    ]
  ],
  "complexity": 3
}