{
  "matrix": [
    [
      -7,
      -5,
      19,
      -10,
      12
    ],
    [
      4,
      0,
      -7,
      2,
      -10
    ],
    [
      11,
      -5,
      -4,
      11,
      6
    ],
    [
      2,
      10,
      -7,
      -4,
      18
    ],
    [
      6,
      13,
      5,
      6,
      2
    ]
  ],
  "window_size": 3,
  "pooling_type": "average",
  "solution": [
    [
      0.6666666666666666,
      0.1111111111111111,
      2.111111111111111
    ],
    [
      0.4444444444444444,
      -0.4444444444444444,
      0.5555555555555556
    ],
    [
      3.4444444444444446,
      2.7777777777777777,
      3.6666666666666665
    ]
  ],
  "complexity": 3
}