{
  "matrix": [
    [
      3,
      -10,
      -3,
      -1,
      -10,
      8
    ],
    [
      9,
      12,
      -10,
      13,
      -2,
      4
    ],
    [
      16,
      7,
      20,
      1,
      6,
      7
    ],
    [
      6,
      11,
      11,
      3,
      19,
      1
    ],
    [
      -2,
      1,
      11,
      -4,
      8,
      -4
    ],
    [
      20,
      -1,
      -1,
      -10,
      -7,
      12
    ]
  ],
  "window_size": 3,
  "pooling_type": "average",
  "solution": [
    [
      4.888888888888889,
      3.2222222222222223,
      1.5555555555555556,
      2.888888888888889
    ],
    [
      9.11111111111111,
      7.555555555555555,
      6.777777777777778,
      5.777777777777778
    ],
    [
      9.0,
      6.777777777777778,
      8.333333333333334,
      4.111111111111111
    ],
    [
      6.222222222222222,
      2.3333333333333335,
      3.3333333333333335,
      2.0
    ]
  ],
  "complexity": 4
}