{
  "matrix": [
    [
      15,
      5,
      -4,
      6,
      7
    ],
    [
      2,
      -4,
      -5,
      4,
      -8
    ],
    [
      -3,
      18,
      -6,
      -9,
      -5
    ],
    [
      -8,
      -6,
      -2,
      -6,
      15
    ],
    [
      4,
      1,
      -2,
      -7,
      13
    ]
  ],
  "window_size": 3,
  "pooling_type": "average",
  "solution": [
    [
      2.0,
      0.5555555555555556,
      -2.2222222222222223
    ],
    [
      -1.5555555555555556,
      -1.7777777777777777,
      -2.4444444444444446
    ],
    [
      -0.4444444444444444,
      -2.111111111111111,
      -1.0
    ]
  ],
  "complexity": 3
}