{
  "matrix": [
    [
      -10,
      19,
      -7,
      11,
      -3,
      -3
    ],
    [
      20,
      -9,
      -5,
      0,
      15,
      -1
    ],
    [
      12,
      4,
      16,
      -8,
      16,
      -1
    ],
    [
      2,
      7,
      20,
      -8,
      -10,
      6
    ],
    [
      19,
      4,
      -8,
      5,
      15,
      3
    ],
    [
      6,
      19,
      2,
      -5,
      -6,
      20
    ]
  ],
  "window_size": 3,
  "pooling_type": "average",
  "solution": [
    [
      4.444444444444445,
      2.3333333333333335,
      3.888888888888889,
      2.888888888888889
    ],
    [
      7.444444444444445,
      1.8888888888888888,
      4.0,
      1.0
    ],
    [
      8.444444444444445,
      3.5555555555555554,
      4.222222222222222,
      2.0
    ],
    [
      7.888888888888889,
      4.0,
      0.5555555555555556,
      2.2222222222222223
    ]
  ],
  "complexity": 4
}