{
  "matrix": [
    [
      0,
      19,
      1,
      1,
      17,
      11
    ],
    [
      13,
      12,
      -4,
      12,
      17,
      -5
    ],
    [
      18,
      -2,
      -8,
      -9,
      20,
      -5
    ],
    [
      -6,
      2,
      -7,
      0,
      8,
      -10
    ],
    [
      6,
      2,
      5,
      0,
      7,
      -8
    ],
    [
      -1,
      10,
      8,
      6,
      0,
      4
    ]
  ],
  "window_size": 3,
  "pooling_type": "average",
  "solution": [
    [
      5.444444444444445,
      2.4444444444444446,
      5.222222222222222,
      6.555555555555555
    ],
    [
      2.0,
      -0.4444444444444444,
      3.2222222222222223,
      3.111111111111111
    ],
    [
      1.1111111111111112,
      -1.8888888888888888,
      1.7777777777777777,
      0.3333333333333333
    ],
    [
      2.111111111111111,
      2.888888888888889,
      3.0,
      0.7777777777777778
    ]
  ],
  "complexity": 4
}