{
  "matrix": [
    [
      6,
      -4,
      5,
      7,
      11
    ],
    [
      -7,
      -5,
      19,
      17,
      -4
    ],
    [
      18,
      -3,
      -10,
      1,
      7
    ],
    [
      -7,
      -10,
      19,
      -1,
      4
    ],
    [
      3,
      18,
      9,
      17,
      -2
    ]
  ],
  "window_size": 3,
  "pooling_type": "average",
  "solution": [
    [
      2.111111111111111,
      3.0,
      5.888888888888889
    ],
    [
      1.5555555555555556,
      3.0,
      5.777777777777778
    ],
    [
      4.111111111111111,
      4.444444444444445,
      4.888888888888889
    ]
  ],
  "complexity": 3
}