sailor_name,mean_performance,standard_deviation
Sailor_1,55.898877213644624,9.410173016512031
Sailor_2,50.0951617231078,13.754642108423083
Sailor_3,67.27111504507906,18.590782882625952
Sailor_4,55.866917532658846,14.309535234353111
Sailor_5,89.05974884707014,19.459183347399783
Sailor_6,67.36083228613327,15.729530567837083
