{
  "matrix": [
    [
      8,
      14,
      -10,
      3,
      19,
      12
    ],
    [
      4,
      -7,
      -10,
      -4,
      -4,
      -7
    ],
    [
      6,
      -1,
      16,
      -3,
      13,
      -5
    ],
    [
      7,
      11,
      2,
      -4,
      19,
      8
    ],
    [
      6,
      11,
      10,
      -1,
      -1,
      18
    ],
    [
      1,
      19,
      -6,
      -2,
      9,
      8
    ]
  ],
  "window_size": 3,
  "pooling_type": "average",
  "solution": [
    [
      2.2222222222222223,
      -0.2222222222222222,
      2.2222222222222223,
      2.6666666666666665
    ],
    [
      3.111111111111111,
      0.0,
      2.7777777777777777,
      1.4444444444444444
    ],
    [
      7.555555555555555,
      4.555555555555555,
      5.666666666666667,
      4.888888888888889
    ],
    [
      6.777777777777778,
      4.444444444444445,
      2.888888888888889,
      6.0
    ]
  ],
  "complexity": 4
}