{
  "matrix": [
    [
      2,
      -6,
      -2,
      17,
      3,
      1
    ],
    [
      -4,
      0,
      -10,
      1,
      3,
      -4
    ],
    [
      20,
      -4,
      3,
      12,
      -9,
      -2
    ],
    [
      -2,
      -7,
      -2,
      19,
      -1,
      1
    ],
    [
      10,
      11,
      4,
      0,
      5,
      17
    ],
    [
      -4,
      0,
      -7,
      9,
      -8,
      6
    ]
  ],
  "window_size": 3,
  "pooling_type": "average",
  "solution": [
    [
      -0.1111111111111111,
      1.2222222222222223,
      2.0,
      2.4444444444444446
    ],
    [
      -0.6666666666666666,
      1.3333333333333333,
      1.7777777777777777,
      2.2222222222222223
    ],
    [
      3.6666666666666665,
      4.0,
      3.4444444444444446,
      4.666666666666667
    ],
    [
      0.3333333333333333,
      3.0,
      2.111111111111111,
      5.333333333333333
    ]
  ],
  "complexity": 4
}