{
  "matrix": [
    [
      -9,
      -9,
      12,
      0,
      4
    ],
    [
      6,
      6,
      2,
      12,
      -1
    ],
    [
      -4,
      -2,
      3,
      -3,
      5
    ],
    [
      8,
      4,
      -10,
      18,
      20
    ],
    [
      3,
      -2,
      7,
      13,
      20
    ]
  ],
  "window_size": 3,
  "pooling_type": "average",
  "solution": [
    [
      0.5555555555555556,
      2.3333333333333335,
      3.7777777777777777
    ],
    [
      1.4444444444444444,
      3.3333333333333335,
      5.111111111111111
    ],
    [
      0.7777777777777778,
      3.111111111111111,
      8.11111111111111
    ]
  ],
  "complexity": 3
}