{
  "matrix": [
    [
      -4,
      5,
      19,
      1,
      15,
      16
    ],
    [
      -7,
      19,
      10,
      -5,
      2,
      5
    ],
    [
      14,
      14,
      -9,
      11,
      -7,
      13
    ],
    [
      20,
      1,
      -2,
      14,
      13,
      -7
    ],
    [
      6,
      20,
      10,
      19,
      5,
      20
    ],
    [
      17,
      3,
      14,
      13,
      15,
      8
    ]
  ],
  "window_size": 3,
  "pooling_type": "average",
  "solution": [
    [
      6.777777777777778,
      7.222222222222222,
      4.111111111111111,
      5.666666666666667
    ],
    [
      6.666666666666667,
      5.888888888888889,
      3.0,
      4.333333333333333
    ],
    [
      8.222222222222221,
      8.666666666666666,
      6.0,
      9.0
    ],
    [
      9.88888888888889,
      10.222222222222221,
      11.222222222222221,
      11.11111111111111
    ]
  ],
  "complexity": 4
}