{
  "matrix": [
    [
      16,
      18,
      7,
      2,
      -2,
      10
    ],
    [
      4,
      -7,
      -1,
      20,
      -6,
      20
    ],
    [
      10,
      -9,
      -1,
      16,
      -8,
      12
    ],
    [
      10,
      11,
      -9,
      -3,
      11,
      8
    ],
    [
      16,
      11,
      17,
      19,
      6,
      6
    ],
    [
      -10,
      -5,
      11,
      7,
      4,
      17
    ]
  ],
  "window_size": 3,
  "pooling_type": "average",
  "solution": [
    [
      4.111111111111111,
      5.0,
      3.0,
      7.111111111111111
    ],
    [
      0.8888888888888888,
      1.8888888888888888,
      2.111111111111111,
      7.777777777777778
    ],
    [
      6.222222222222222,
      5.777777777777778,
      5.333333333333333,
      7.444444444444445
    ],
    [
      5.777777777777778,
      6.555555555555555,
      7.0,
      8.333333333333334
    ]
  ],
  "complexity": 4
}