{
  "matrix": [
    [
      10,
      -5,
      20,
      11,
      6
    ],
    [
      5,
      18,
      7,
      1,
      16
    ],
    [
      17,
      -2,
      1,
      -2,
      11
    ],
    [
      7,
      17,
      14,
      17,
      9
    ],
    [
      17,
      15,
      4,
      -1,
      -8
    ]
  ],
  "window_size": 3,
  "pooling_type": "average",
  "solution": [
    [
      7.888888888888889,
      5.444444444444445,
      7.888888888888889
    ],
    [
      9.333333333333334,
      7.888888888888889,
      8.222222222222221
    ],
    [
      10.0,
      7.0,
      5.0
    ]
  ],
  "complexity": 3
}