{
  "matrix": [
    [
      9,
      6,
      19,
      2,
      17,
      -2
    ],
    [
      4,
      3,
      -6,
      5,
      6,
      9
    ],
    [
      14,
      17,
      5,
      0,
      16,
      -6
    ],
    [
      16,
      1,
      17,
      9,
      16,
      5
    ],
    [
      -4,
      -9,
      -4,
      6,
      -8,
      15
    ],
    [
      -6,
      -5,
      1,
      16,
      12,
      13
    ]
  ],
  "window_size": 3,
  "pooling_type": "average",
  "solution": [
    [
      7.888888888888889,
      5.666666666666667,
      7.111111111111111,
      5.222222222222222
    ],
    [
      7.888888888888889,
      5.666666666666667,
      7.555555555555555,
      6.666666666666667
    ],
    [
      5.888888888888889,
      4.666666666666667,
      6.333333333333333,
      5.888888888888889
    ],
    [
      0.7777777777777778,
      3.5555555555555554,
      7.222222222222222,
      9.333333333333334
    ]
  ],
  "complexity": 4
}