{
  "matrix": [
    [
      -6,
      19,
      11,
      5,
      -6,
      20
    ],
    [
      6,
      -9,
      10,
      9,
      0,
      7
    ],
    [
      15,
      -7,
      17,
      18,
      0,
      16
    ],
    [
      2,
      1,
      0,
      6,
      6,
      10
    ],
    [
      15,
      -10,
      20,
      -4,
      -8,
      16
    ],
    [
      3,
      11,
      -5,
      6,
      16,
      12
    ]
  ],
  "window_size": 3,
  "pooling_type": "average",
  "solution": [
    [
      6.222222222222222,
      8.11111111111111,
      7.111111111111111,
      7.666666666666667
    ],
    [
      3.888888888888889,
      5.0,
      7.333333333333333,
      8.0
    ],
    [
      5.888888888888889,
      4.555555555555555,
      6.111111111111111,
      6.666666666666667
    ],
    [
      4.111111111111111,
      2.7777777777777777,
      4.111111111111111,
      6.666666666666667
    ]
  ],
  "complexity": 4
}