{
  "matrix": [
    [
      15,
      20,
      13,
      2,
      20
    ],
    [
      -6,
      3,
      19,
      -9,
      5
    ],
    [
      5,
      -3,
      1,
      12,
      17
    ],
    [
      12,
      15,
      -5,
      17,
      -1
    ],
    [
      20,
      1,
      -10,
      13,
      20
    ]
  ],
  "window_size": 3,
  "pooling_type": "average",
  "solution": [
    [
      7.444444444444445,
      6.444444444444445,
      8.88888888888889
    ],
    [
      4.555555555555555,
      5.555555555555555,
      6.222222222222222
    ],
    [
      4.0,
      4.555555555555555,
      7.111111111111111
    ]
  ],
  "complexity": 3
}