{
  "matrix": [
    [
      11,
      19,
      20,
      -9,
      0,
      -4
    ],
    [
      -6,
      1,
      1,
      7,
      17,
      18
    ],
    [
      15,
      4,
      15,
      20,
      11,
      19
    ],
    [
      17,
      -7,
      -7,
      19,
      15,
      -2
    ],
    [
      20,
      2,
      5,
      -7,
      18,
      -9
    ],
    [
      11,
      17,
      19,
      -6,
      -3,
      6
    ]
  ],
  "window_size": 3,
  "pooling_type": "average",
  "solution": [
    [
      8.88888888888889,
      8.666666666666666,
      9.11111111111111,
      8.777777777777779
    ],
    [
      3.6666666666666665,
      5.888888888888889,
      10.88888888888889,
      13.777777777777779
    ],
    [
      7.111111111111111,
      4.888888888888889,
      9.88888888888889,
      9.333333333333334
    ],
    [
      8.555555555555555,
      3.888888888888889,
      5.888888888888889,
      3.4444444444444446
    ]
  ],
  "complexity": 4
}