{
  "matrix": [
    [
      0,
      12,
      3,
      2,
      -9
    ],
    [
      -1,
      -1,
      -7,
      10,
      1
    ],
    [
      20,
      -8,
      -3,
      -10,
      -6
    ],
    [
      12,
      -4,
      5,
      3,
      13
    ],
    [
      12,
      12,
      15,
      3,
      0
    ]
  ],
  "window_size": 3,
  "pooling_type": "average",
  "solution": [
    [
      1.6666666666666667,
      -0.2222222222222222,
      -2.111111111111111
    ],
    [
      1.4444444444444444,
      -1.6666666666666667,
      0.6666666666666666
    ],
    [
      6.777777777777778,
      1.4444444444444444,
      2.2222222222222223
    ]
  ],
  "complexity": 3
}