{
  "matrix": [
    [
      15,
      5,
      7,
      1,
      -6
    ],
    [
      -10,
      19,
      14,
      0,
      0
    ],
    [
      -5,
      16,
      15,
      -9,
      16
    ],
    [
      12,
      -3,
      3,
      9,
      12
    ],
    [
      9,
      7,
      8,
      16,
      -2
    ]
  ],
  "window_size": 3,
  "pooling_type": "average",
  "solution": [
    [
      8.444444444444445,
      7.555555555555555,
      4.222222222222222
    ],
    [
      6.777777777777778,
      7.111111111111111,
      6.666666666666667
    ],
    [
      6.888888888888889,
      6.888888888888889,
      7.555555555555555
    ]
  ],
  "complexity": 3
}