{
  "matrix": [
    [
      20,
      -6,
      8,
      6,
      -5
    ],
    [
      0,
      4,
      19,
      2,
      18
    ],
    [
      4,
      1,
      19,
      15,
      -3
    ],
    [
      14,
      5,
      16,
      19,
      -6
    ],
    [
      3,
      3,
      -1,
      -7,
      20
    ]
  ],
  "window_size": 3,
  "pooling_type": "average",
  "solution": [
    [
      7.666666666666667,
      7.555555555555555,
      8.777777777777779
    ],
    [
      9.11111111111111,
      11.11111111111111,
      11.0
    ],
    [
      7.111111111111111,
      7.777777777777778,
      8.0
    ]
  ],
  "complexity": 3
}