{
  "matrix": [
    [
      8,
      11,
      19,
      19,
      0
    ],
    [
      7,
      11,
      15,
      8,
      10
    ],
    [
      11,
      7,
      4,
      15,
      7
    ],
    [
      4,
      -6,
      -9,
      10,
      12
    ],
    [
      -3,
      15,
      20,
      9,
      15
    ]
  ],
  "window_size": 3,
  "pooling_type": "average",
  "solution": [
    [
      10.333333333333334,
      12.11111111111111,
      10.777777777777779
    ],
    [
      4.888888888888889,
      6.111111111111111,
      8.0
    ],
    [
      4.777777777777778,
      7.222222222222222,
      9.222222222222221
    ]
  ],
  "complexity": 3
}