{
  "matrix": [
    [
      -9,
      -6,
      6,
      16,
      -6,
      16
    ],
    [
      4,
      8,
      20,
      -3,
      -3,
      20
    ],
    [
      -5,
      14,
      13,
      2,
      6,
      12
    ],
    [
      4,
      11,
      5,
      15,
      9,
      -7
    ],
    [
      -10,
      -4,
      -10,
      17,
      8,
      11
    ],
    [
      -10,
      4,
      18,
      -8,
      -8,
      -7
    ]
  ],
  "window_size": 3,
  "pooling_type": "average",
  "solution": [
    [
      5.0,
      7.777777777777778,
      5.666666666666667,
      6.666666666666667
    ],
    [
      8.222222222222221,
      9.444444444444445,
      7.111111111111111,
      5.666666666666667
    ],
    [
      2.0,
      7.0,
      7.222222222222222,
      8.11111111111111
    ],
    [
      0.8888888888888888,
      5.333333333333333,
      5.111111111111111,
      3.3333333333333335
    ]
  ],
  "complexity": 4
}