{
  "matrix": [
    [
      7,
      10,
      15,
      12,
      -4
    ],
    [
      5,
      -9,
      18,
      -2,
      9
    ],
    [
      19,
      4,
      5,
      2,
      8
    ],
    [
      -2,
      -4,
      -2,
      -4,
      -7
    ],
    [
      -10,
      12,
      -10,
      12,
      10
    ]
  ],
  "window_size": 3,
  "pooling_type": "average",
  "solution": [
    [
      8.222222222222221,
      6.111111111111111,
      7.0
    ],
    [
      3.7777777777777777,
      0.8888888888888888,
      3.0
    ],
    [
      1.3333333333333333,
      1.6666666666666667,
      1.5555555555555556
    ]
  ],
  "complexity": 3
}