{
  "matrix": [
    [
      -4,
      10,
      7,
      14,
      6,
      5
    ],
    [
      -5,
      13,
      -3,
      -5,
      1,
      11
    ],
    [
      -1,
      5,
      19,
      5,
      16,
      15
    ],
    [
      9,
      0,
      -8,
      19,
      6,
      6
    ],
    [
      1,
      12,
      8,
      3,
      -10,
      15
    ],
    [
      -5,
      14,
      18,
      16,
      -6,
      14
    ]
  ],
  "window_size": 3,
  "pooling_type": "average",
  "solution": [
    [
      4.555555555555555,
      7.222222222222222,
      6.666666666666667,
      7.555555555555555
    ],
    [
      3.2222222222222223,
      5.0,
      5.555555555555555,
      8.222222222222221
    ],
    [
      5.0,
      7.0,
      6.444444444444445,
      8.333333333333334
    ],
    [
      5.444444444444445,
      9.11111111111111,
      5.111111111111111,
      7.0
    ]
  ],
  "complexity": 4
}