{
  "matrix": [
    [
      0,
      5,
      3,
      10,
      -7
    ],
    [
      -10,
      -3,
      11,
      -3,
      19
    ],
    [
      -3,
      2,
      5,
      -5,
      -1
    ],
    [
      2,
      -9,
      12,
      8,
      5
    ],
    [
      3,
      18,
      -6,
      6,
      15
    ]
  ],
  "window_size": 3,
  "pooling_type": "average",
  "solution": [
    [
      1.1111111111111112,
      2.7777777777777777,
      3.5555555555555554
    ],
    [
      0.7777777777777778,
      2.0,
      5.666666666666667
    ],
    [
      2.6666666666666665,
      3.4444444444444446,
      4.333333333333333
    ]
  ],
  "complexity": 3
}