{
  "matrix": [
    [
      10,
      -5,
      -6,
      7,
      14,
      -3
    ],
    [
      13,
      -3,
      4,
      -9,
      -7,
      -7
    ],
    [
      16,
      8,
      0,
      17,
      -2,
      12
    ],
    [
      11,
      -7,
      10,
      17,
      3,
      0
    ],
    [
      7,
      5,
      19,
      7,
      -10,
      11
    ],
    [
      -4,
      13,
      12,
      4,
      4,
      16
    ]
  ],
  "window_size": 3,
  "pooling_type": "average",
  "solution": [
    [
      4.111111111111111,
      1.4444444444444444,
      2.0,
      2.4444444444444446
    ],
    [
      5.777777777777778,
      4.111111111111111,
      3.6666666666666665,
      2.6666666666666665
    ],
    [
      7.666666666666667,
      8.444444444444445,
      6.777777777777778,
      6.111111111111111
    ],
    [
      7.333333333333333,
      8.88888888888889,
      7.333333333333333,
      5.777777777777778
    ]
  ],
  "complexity": 4
}