{
  "matrix": [
    [
      -6,
      16,
      -6,
      -7,
      3
    ],
    [
      -7,
      3,
      6,
      -10,
      5
    ],
    [
      9,
      11,
      10,
      13,
      6
    ],
    [
      -5,
      -2,
      -3,
      20,
      -10
    ],
    [
      1,
      1,
      -3,
      -2,
      16
    ]
  ],
  "window_size": 3,
  "pooling_type": "average",
  "solution": [
    [
      4.0,
      4.0,
      2.2222222222222223
    ],
    [
      2.4444444444444446,
      5.333333333333333,
      4.111111111111111
    ],
    [
      2.111111111111111,
      5.0,
      5.222222222222222
    ]
  ],
  "complexity": 3
}