{
  "matrix": [
    [
      10,
      8,
      15,
      0,
      3,
      1
    ],
    [
      -1,
      2,
      11,
      9,
      1,
      20
    ],
    [
      -3,
      6,
      -8,
      13,
      -10,
      14
    ],
    [
      -2,
      -4,
      20,
      -6,
      11,
      13
    ],
    [
      12,
      3,
      -8,
      17,
      -10,
      -10
    ],
    [
      10,
      3,
      4,
      19,
      7,
      19
    ]
  ],
  "window_size": 3,
  "pooling_type": "average",
  "solution": [
    [
      4.444444444444445,
      6.222222222222222,
      3.7777777777777777,
      5.666666666666667
    ],
    [
      2.3333333333333335,
      4.777777777777778,
      4.555555555555555,
      7.222222222222222
    ],
    [
      1.7777777777777777,
      3.6666666666666665,
      2.111111111111111,
      3.5555555555555554
    ],
    [
      4.222222222222222,
      5.333333333333333,
      6.0,
      6.666666666666667
    ]
  ],
  "complexity": 4
}