{
  "matrix": [
    [
      3,
      17,
      7,
      10,
      7
    ],
    [
      19,
      -5,
      -10,
      9,
      6
    ],
    [
      -6,
      5,
      -8,
      0,
      5
    ],
    [
      11,
      7,
      -1,
      19,
      -5
    ],
    [
      12,
      9,
      16,
      19,
      2
    ]
  ],
  "window_size": 3,
  "pooling_type": "average",
  "solution": [
    [
      2.4444444444444446,
      2.7777777777777777,
      2.888888888888889
    ],
    [
      1.3333333333333333,
      1.7777777777777777,
      1.6666666666666667
    ],
    [
      5.0,
      7.333333333333333,
      5.222222222222222
    ]
  ],
  "complexity": 3
}