{
  "matrix": [
    [
      10,
      8,
      -7,
      -3,
      19
    ],
    [
      -8,
      -5,
      14,
      11,
      -2
    ],
    [
      14,
      -5,
      9,
      8,
      -9
    ],
    [
      2,
      10,
      -5,
      7,
      12
    ],
    [
      18,
      0,
      -9,
      -10,
      1
    ]
  ],
  "window_size": 3,
  "pooling_type": "average",
  "solution": [
    [
      3.3333333333333335,
      3.3333333333333335,
      4.444444444444445
    ],
    [
      2.888888888888889,
      4.888888888888889,
      5.0
    ],
    [
      3.7777777777777777,
      0.5555555555555556,
      0.4444444444444444
    ]
  ],
  "complexity": 3
}