{
  "matrix": [
    [
      17,
      -6,
      2,
      10,
      6,
      1
    ],
    [
      5,
      -8,
      -4,
      12,
      7,
      -2
    ],
    [
      10,
      6,
      -2,
      -3,
      4,
      2
    ],
    [
      6,
      5,
      13,
      -2,
      18,
      15
    ],
    [
      10,
      -8,
      6,
      5,
      -9,
      -8
    ],
    [
      17,
      -7,
      16,
      7,
      -4,
      7
    ]
  ],
  "window_size": 3,
  "pooling_type": "average",
  "solution": [
    [
      2.2222222222222223,
      0.7777777777777778,
      3.5555555555555554,
      4.111111111111111
    ],
    [
      3.4444444444444446,
      1.8888888888888888,
      4.777777777777778,
      5.666666666666667
    ],
    [
      5.111111111111111,
      2.2222222222222223,
      3.3333333333333335,
      2.4444444444444446
    ],
    [
      6.444444444444445,
      3.888888888888889,
      5.555555555555555,
      3.2222222222222223
    ]
  ],
  "complexity": 4
}