{
  "matrix": [
    [
      -10,
      15,
      3,
      17,
      4,
      14
    ],
    [
      -7,
      8,
      -2,
      6,
      14,
      12
    ],
    [
      7,
      4,
      7,
      15,
      13,
      17
    ],
    [
      20,
      -2,
      5,
      -9,
      5,
      15
    ],
    [
      -9,
      7,
      0,
      17,
      15,
      -10
    ],
    [
      0,
      17,
      0,
      1,
      20,
      8
    ]
  ],
  "window_size": 3,
  "pooling_type": "average",
  "solution": [
    [
      2.7777777777777777,
      8.11111111111111,
      8.555555555555555,
      12.444444444444445
    ],
    [
      4.444444444444445,
      3.5555555555555554,
      6.0,
      9.777777777777779
    ],
    [
      4.333333333333333,
      4.888888888888889,
      7.555555555555555,
      8.666666666666666
    ],
    [
      4.222222222222222,
      4.0,
      6.0,
      6.888888888888889
    ]
  ],
  "complexity": 4
}