{
  "matrix": [
    [
      7,
      4,
      11,
      15,
      18,
      2
    ],
    [
      14,
      3,
      1,
      0,
      19,
      11
    ],
    [
      5,
      8,
      14,
      -8,
      -10,
      15
    ],
    [
      -7,
      -9,
      9,
      -8,
      9,
      -6
    ],
    [
      20,
      5,
      9,
      1,
      8,
      19
    ],
    [
      16,
      12,
      -10,
      2,
      6,
      -1
    ]
  ],
  "window_size": 3,
  "pooling_type": "average",
  "solution": [
    [
      7.444444444444445,
      5.333333333333333,
      6.666666666666667,
      6.888888888888889
    ],
    [
      4.222222222222222,
      1.1111111111111112,
      2.888888888888889,
      2.4444444444444446
    ],
    [
      6.0,
      2.3333333333333335,
      2.6666666666666665,
      2.2222222222222223
    ],
    [
      5.0,
      1.2222222222222223,
      2.888888888888889,
      3.3333333333333335
    ]
  ],
  "complexity": 4
}