{
  "matrix": [
    [
      6,
      6,
      -10,
      -3,
      -7
    ],
    [
      -7,
      15,
      -7,
      4,
      20
    ],
    [
      12,
      -3,
      -4,
      5,
      12
    ],
    [
      17,
      12,
      20,
      -6,
      -5
    ],
    [
      3,
      0,
      -3,
      -6,
      17
    ]
  ],
  "window_size": 3,
  "pooling_type": "average",
  "solution": [
    [
      0.8888888888888888,
      0.3333333333333333,
      1.1111111111111112
    ],
    [
      6.111111111111111,
      4.0,
      4.333333333333333
    ],
    [
      6.0,
      1.6666666666666667,
      3.3333333333333335
    ]
  ],
  "complexity": 3
}