{
  "matrix": [
    [
      13,
      -9,
      -3,
      17,
      2,
      -7
    ],
    [
      16,
      1,
      18,
      12,
      -8,
      2
    ],
    [
      17,
      -8,
      -1,
      10,
      2,
      18
    ],
    [
      -5,
      4,
      -2,
      12,
      -4,
      -9
    ],
    [
      -2,
      -4,
      6,
      -1,
      -5,
      4
    ],
    [
      3,
      7,
      11,
      -6,
      0,
      -3
    ]
  ],
  "window_size": 3,
  "pooling_type": "average",
  "solution": [
    [
      4.888888888888889,
      4.111111111111111,
      5.444444444444445,
      5.333333333333333
    ],
    [
      4.444444444444445,
      5.111111111111111,
      4.333333333333333,
      3.888888888888889
    ],
    [
      0.5555555555555556,
      1.7777777777777777,
      1.8888888888888888,
      3.0
    ],
    [
      2.0,
      3.0,
      1.2222222222222223,
      -1.3333333333333333
    ]
  ],
  "complexity": 4
}