{
  "matrix": [
    [
      -2,
      -7,
      13,
      -6,
      -9
    ],
    [
      -2,
      16,
      2,
      18,
      13
    ],
    [
      14,
      0,
      0,
      14,
      -5
    ],
    [
      9,
      1,
      5,
      -1,
      17
    ],
    [
      4,
      3,
      -1,
      18,
      16
    ]
  ],
  "window_size": 3,
  "pooling_type": "average",
  "solution": [
    [
      3.7777777777777777,
      5.555555555555555,
      4.444444444444445
    ],
    [
      5.0,
      6.111111111111111,
      7.0
    ],
    [
      3.888888888888889,
      4.333333333333333,
      7.0
    ]
  ],
  "complexity": 3
}