{
  "matrix": [
    [
      -9,
      20,
      -4,
      6,
      -9
    ],
    [
      -2,
      10,
      14,
      19,
      0
    ],
    [
      -3,
      12,
      15,
      7,
      -10
    ],
    [
      6,
      -9,
      17,
      7,
      11
    ],
    [
      8,
      2,
      6,
      -9,
      -5
    ]
  ],
  "window_size": 3,
  "pooling_type": "average",
  "solution": [
    [
      5.888888888888889,
      11.0,
      4.222222222222222
    ],
    [
      6.666666666666667,
      10.222222222222221,
      8.88888888888889
    ],
    [
      6.0,
      5.333333333333333,
      4.333333333333333
    ]
  ],
  "complexity": 3
}