{
  "matrix": [
    [
      -3,
      2,
      6,
      4,
      7
    ],
    [
      20,
      -3,
      7,
      17,
      15
    ],
    [
      2,
      4,
      -10,
      11,
      12
    ],
    [
      15,
      5,
      -6,
      20,
      -4
    ],
    [
      13,
      14,
      4,
      15,
      8
    ]
  ],
  "window_size": 3,
  "pooling_type": "average",
  "solution": [
    [
      2.7777777777777777,
      4.222222222222222,
      7.666666666666667
    ],
    [
      3.7777777777777777,
      5.0,
      6.888888888888889
    ],
    [
      4.555555555555555,
      6.333333333333333,
      5.555555555555555
    ]
  ],
  "complexity": 3
}