{
  "matrix": [
    [
      -3,
      -4,
      -3,
      -5,
      5
    ],
    [
      -6,
      13,
      10,
      13,
      5
    ],
    [
      20,
      15,
      -6,
      8,
      9
    ],
    [
      8,
      9,
      4,
      4,
      10
    ],
    [
      -1,
      7,
      -2,
      1,
      -7
    ]
  ],
  "window_size": 3,
  "pooling_type": "average",
  "solution": [
    [
      4.0,
      4.555555555555555,
      4.0
    ],
    [
      7.444444444444445,
      7.777777777777778,
      6.333333333333333
    ],
    [
      6.0,
      4.444444444444445,
      2.3333333333333335
    ]
  ],
  "complexity": 3
}