{
  "matrix": [
    [
      9,
      -7,
      4,
      3,
      -4,
      -3
    ],
    [
      -10,
      18,
      9,
      -5,
      15,
      -3
    ],
    [
      14,
      -2,
      17,
      4,
      -2,
      -3
    ],
    [
      11,
      -5,
      17,
      15,
      0,
      7
    ],
    [
      -3,
      -1,
      20,
      11,
      6,
      11
    ],
    [
      11,
      3,
      13,
      -2,
      -1,
      17
    ]
  ],
  "window_size": 3,
  "pooling_type": "average",
  "solution": [
    [
      5.777777777777778,
      4.555555555555555,
      4.555555555555555,
      0.2222222222222222
    ],
    [
      7.666666666666667,
      7.555555555555555,
      7.777777777777778,
      3.111111111111111
    ],
    [
      7.555555555555555,
      8.444444444444445,
      9.777777777777779,
      5.444444444444445
    ],
    [
      7.333333333333333,
      7.888888888888889,
      8.777777777777779,
      7.111111111111111
    ]
  ],
  "complexity": 4
}